{
      "ROI0": {
            "dssx": -0.0019200000000000003,
            "dssy": 0.00101,
            "dssz": -0.00036,
            "dsth": -2.199999999921709e-05,
            "dsx": -6001.0599999999995,
            "dsy": -869.2070000000003,
            "dsz": 127.99100000000004,
            "sbz": 5999.982
      },
      "pt line": {
            "dssx": -0.0013700000000000001,
            "dssy": 0.0017300000000000002,
            "dssz": -0.00031,
            "dsth": -0.00015599999999921232,
            "dsx": -6171.04,
            "dsy": -869.2060000000001,
            "dsz": 127.99900000000002,
            "sbz": 5999.986
      },
      "fang lu bottom": {
            "dssx": -0.00141,
            "dssy": 0.00029,
            "dssz": 0.00058,
            "dsth": -8.499999999922458e-05,
            "dsx": -1021.0699999999997,
            "dsy": -2519.1589999999997,
            "dsz": 128.00000000000006,
            "sbz": 5999.988
      },
      "ROI3": {
            "dssx": 0.0002,
            "dssy": 0.0006600000000000001,
            "dssz": -3.0000000000000004e-05,
            "dsth": -8.399999999922358e-05,
            "dsx": -1021.0699999999997,
            "dsy": -4119.184,
            "dsz": 127.99900000000002,
            "sbz": 5999.953
      }
}