{
      "ROI0": {
            "dssx": 0.020120000000000002,
            "dsth": -0.000309,
            "dsx": 2216.963,
            "dsy": -1993.0130000000001,
            "dsz": 174.786,
            "sbz": 1070.4070000000002
      }
}