{
      "ROI0": {
            "dssx": -4.3375200000000005,
            "dssy": 0.28664,
            "dssz": -0.00118,
            "dsth": 18.498222,
            "dsx": -4738.88,
            "dsy": -6722.879,
            "dsz": 125.33800000000002,
            "sbz": 40.379000000000005
      }
}