{
      "ROI0": {
            "smarx": -1.5182192300000001,
            "smary": -0.457759051,
            "smarz": 0.288799994,
            "zp.zpz1": -26.778622,
            "zps.zpsx": 0.016000000000000014,
            "zps.zpsz": 0.0004999999999988347,
            "zpssx": 0.0022500000000000003,
            "zpssy": 0.12213000000000002,
            "zpssz": 0.04861000000000001,
            "zpsth": 10.0
      }
}