{
      "from_bottom_1": {
            "dssx": -4.00901,
            "dssy": 0.27628,
            "dssz": -2.4983500000000003,
            "dsth": 20,
            "dsx": -5548.48,
            "dsy": -2059.5969999999998,
            "dsz": -19.437999999999988,
            "sbz": 0
      },
      "from_bottom_2": {
            "dssx": -4.009390000000001,
            "dssy": 0.27880000000000005,
            "dssz": -2.4993100000000004,
            "dsth": 20,
            "dsx": -5548.48,
            "dsy": -5059.566,
            "dsz": -140.39300000000003,
            "sbz": 0
      },
      "from_bottom_3": {
            "dssx": -4.00914,
            "dssy": 0.27648,
            "dssz": -2.4994300000000003,
            "dsth": 20,
            "dsx": -5498.463,
            "dsy": -8059.625000000001,
            "dsz": -270.41100000000006,
            "sbz": 0
      },
      "top_cr_line_approx": {
            "dssx": -4.008520000000001,
            "dssy": 0.27652000000000004,
            "dssz": -2.50044,
            "dsth": 20,
            "dsx": -5638.46,
            "dsy": -8059.523,
            "dsz": -270.48400000000004,
            "sbz": 0
      },
      "top_cr_line": {
            "dssx": 0.10154,
            "dssy": -0.0044800000000000005,
            "dssz": -0.016450000000000003,
            "dsth": 19.998565,
            "dsx": -5660.45,
            "dsy": -8399.699,
            "dsz": -270.505,
            "sbz": 0.03300000000035652
      },
      "A16_SpaceA": {
            "dssx": -4.006620000000001,
            "dssy": 0.27882,
            "dssz": -2.4989700000000004,
            "dsth": 20.000071,
            "dsx": -5648.54,
            "dsy": -5760.517999999999,
            "dsz": -140.351,
            "sbz": -20
      },
      "A16_SpaceA_Cr": {
            "dssx": -4.00774,
            "dssy": 0.27876,
            "dssz": -2.50029,
            "dsth": 20.000094999999998,
            "dsx": -5648.54,
            "dsy": -5802.499999999999,
            "dsz": -140.35400000000004,
            "sbz": -20
      },
      "A16Test": {
            "dssx": -0.0005600000000000001,
            "dssy": 0.25183,
            "dssz": 0.0009100000000000001,
            "dsth": 20.000087,
            "dsx": -5648.549999999999,
            "dsy": -5655.422,
            "dsz": -140.35500000000002,
            "sbz": -20.42699999999968
      },
      "A17_Line1_Cr": {
            "dssx": 9e-05,
            "dssy": -0.7040200000000001,
            "dssz": 0.0001,
            "dsth": 20.000009,
            "dsx": -5817.4,
            "dsy": -1999.1539999999995,
            "dsz": -19.464000000000055,
            "sbz": 25.689000000000306
      },
      "A17_Line1_Scan1": {
            "dssx": 0.00025,
            "dssy": -0.7025300000000001,
            "dssz": 0.00084,
            "dsth": 20.000009,
            "dsx": -5817.4,
            "dsy": -2199.1099999999997,
            "dsz": -19.464000000000055,
            "sbz": 25.61700000000019
      },
      "A17_Line1_Scan1_ROI1": {
            "dssx": -9e-05,
            "dssy": -0.7034100000000001,
            "dssz": 0.00185,
            "dsth": 20.000002,
            "dsx": -5811.59,
            "dsy": -2209.465,
            "dsz": -19.464000000000055,
            "sbz": 25.625
      },
      "A17_Line1_Scan2": {
            "dssx": -10.882710000000001,
            "dssy": -11.202060000000001,
            "dssz": 0.00176,
            "dsth": 20.000009,
            "dsx": -5817.78,
            "dsy": -2229.0860000000002,
            "dsz": -19.843000000000075,
            "sbz": 26.91399999999976
      },
      "A17_Line1_Scan2_ROI1": {
            "dssx": 5.55381,
            "dssy": -6.221760000000001,
            "dssz": 0.0005,
            "dsth": 20.000009,
            "dsx": -5809.469999999999,
            "dsy": -2240.1890000000003,
            "dsz": -19.84400000000005,
            "sbz": 26.895000000000437
      },
      "A17_Line1_Scan3": {
            "dssx": -10.88347,
            "dssy": -11.202350000000001,
            "dssz": 0.0004,
            "dsth": 19.999986,
            "dsx": -5818.147,
            "dsy": -2274.076,
            "dsz": -20.204000000000065,
            "sbz": 28.7470000000003
      },
      "A17_Line1_Scan5Revisit": {
            "dssx": -0.00202,
            "dssy": -0.00055,
            "dssz": 0.0018300000000000002,
            "dsth": 19.99997,
            "dsx": -5818.110000000001,
            "dsy": -2589.0820000000003,
            "dsz": -20.173999999999978,
            "sbz": 29.993000000000393
      },
      "A16_Line2_Scan1": {
            "dssx": 0.00197,
            "dssy": 0.0010600000000000002,
            "dssz": 0.0020700000000000002,
            "dsth": 19.999978,
            "dsx": -5548.5779999999995,
            "dsy": -5809.393999999999,
            "dsz": -140.765,
            "sbz": 17.009000000000015
      },
      "A16_Line2_Scan2": {
            "dssx": -0.0024300000000000003,
            "dssy": -0.00017,
            "dssz": -0.00035000000000000005,
            "dsth": 19.999978,
            "dsx": -5548.58,
            "dsy": -5659.294999999999,
            "dsz": -140.765,
            "sbz": 17.016999999999825
      },
      "A16_Line2_Scan4": {
            "dssx": -0.00634,
            "dssy": 0.0014800000000000002,
            "dssz": -0.00026000000000000003,
            "dsth": 19.999986,
            "dsx": -5548.58,
            "dsy": -5909.275000000001,
            "dsz": -140.76800000000003,
            "sbz": 17.003999999999905
      },
      "A16_Line2_Scan5": {
            "dssx": -0.009710000000000002,
            "dssy": 0.00023,
            "dssz": 0.0004,
            "dsth": 19.999979,
            "dsx": -5548.58,
            "dsy": -5859.267000000001,
            "dsz": -140.77200000000005,
            "sbz": 17.01000000000022
      },
      "A16_Line2_Scan6": {
            "dssx": -0.010920000000000001,
            "dssy": 0.00125,
            "dssz": -0.00125,
            "dsth": 19.999978,
            "dsx": -5548.58,
            "dsy": -5259.175,
            "dsz": -140.77200000000005,
            "sbz": 17.02099999999973
      },
      "A16_Line3_Cr": {
            "dssx": -0.012410000000000001,
            "dssy": -0.015200000000000002,
            "dssz": -0.00021,
            "dsth": 19.999978,
            "dsx": -5066.25,
            "dsy": -5836.963000000001,
            "dsz": -140.774,
            "sbz": 17.011000000000422
      },
      "A16_Line4_Cr": {
            "dssx": -0.00235,
            "dssy": -1e-05,
            "dssz": 0.00042,
            "dsth": 19.999978,
            "dsx": -5080.889999999999,
            "dsy": -5836.954000000001,
            "dsz": -140.73400000000004,
            "sbz": 14.921000000000276
      },
      "A16_Line5_Cr_Scan1": {
            "dssx": 0.00051,
            "dssy": 0.0006600000000000001,
            "dssz": 0.00019,
            "dsth": 19.999954,
            "dsx": -5080.889999999999,
            "dsy": -5839.459,
            "dsz": -140.74,
            "sbz": 12.01299999999992
      },
      "ROI23": {
            "dssx": -0.0012000000000000001,
            "dssy": 0.00018,
            "dssz": -0.00051,
            "dsth": 19.999971,
            "dsx": -5080.891,
            "dsy": -5869.458,
            "dsz": -140.74200000000008,
            "sbz": 12.010000000000218
      }
}