{
      "ROI0": {
            "dssx": 0.07794000000000001,
            "dsth": 12.499967,
            "dsx": -1599.051,
            "dsy": 6283.025000000001,
            "dsz": 770.726,
            "sbz": 1.0029999999997017
      }
}